Species,Compounds
Abelmoschus manihot,"['Hyperoside', 'Isoquercetin', 'Cycloeucalenol']"
Abelmoschus moschatus,['Farnesol']
Abrus precatorius,"['Gallic acid', 'Delphinidin 3-sambubioside']"
Abutilon indicum,"['Palmitic acid', 'Scopoletin', 'Gallic acid', 'Geraniol', 'Caryophyllene oxide']"
Acacia catechu,"['Quercetin', 'Epicatechin', 'Rhamnetin']"
Acanthus ilicifolius,"['Cycloeucalenol', 'Isoquercetin']"
Achyranthes aspera,"['Oleanolic acid', 'Betulinic acid']"
Acorus calamus,"['Caryophyllene oxide', 'A-cadinol', 'Borneol', 'Beta-ocimene', 'Methyl isoeugenol', 'A-humulene', 'A-selinene', 'Geraniol', 'Spathulenol', 'P-coumaric acid']"
Adansonia digitata,"['Betulinic acid', 'Scopoletin', 'Friedelin']"
Aegle marmelos,"['Betulinic acid', 'Psoralen', 'Palmitic acid', 'Cinnamic acid', 'P-cymene', '1,8-cineole', 'Scopoletin']"
Aglaia edulis,['Scopoletin']
Aglaia forbesii,['Spathulenol']
Aleurites moluccana,['Palmitic acid']
Allium ascalonicum,"['Isoquercetin', 'Cycloeucalenol']"
Allium cepa,"['Quercetin', 'N-heptadecane', 'Heptan-2-one', 'Cycloeucalenol', 'Oleanolic acid', 'Gallic acid', 'Malvidin', 'Isoquercetin', 'Protocatechuic acid', 'Arabinose', 'Spiraeoside']"
Allium sativum,"['Protocatechuic acid', 'Hyperoside', 'Epicatechin', 'Terpinolene', 'Nerolidol', 'Gentisic acid', 'P-coumaric acid', '1,8-cineole', 'Geraniol', 'Gallic acid']"
Aloe vera,"['Geranin b', 'Psoralen', 'P-coumaric acid']"
Alpinia officinarum,"['1,8-cineole']"
Anacardium occidentale,"['Myrcene', 'Beta-ocimene']"
Ananas comosus,['P-coumaric acid']
Andrographis paniculata,"['Andrographolide', '14-deoxy-11-oxoandrographolide', 'Apigenin', 'Andrograpanin']"
Annona muricata,"['1-hexanol', 'Ethyl caproate', 'Quercetin', 'Epicatechin', 'Blumenol a', 'Gallic acid', 'Isoquercetin', 'Emodin', 'P-coumaric acid', 'Cycloeucalenol', 'Quercitrin']"
Annona squamosa,"['Ascorbic acid', 'Beta-ocimene', 'Terpinolene', 'Myristic acid', 'Spathulenol', 'Myrcene', 'Palmitic acid', 'A-cadinol', 'A-humulene']"
Anomianthus dulcis,['Laurotetanine']
Apium graveolens,"['Caryophyllene oxide', 'A-copaene', 'Campesterol', 'Beta-ocimene', 'Scopoletin', 'Epicatechin', 'A-cadinol', 'Terpinolene', 'P-coumaric acid', 'P-cymene', 'Ylangene', 'Spathulenol', 'Myristic acid', 'Ethyl caprylate', 'A-humulene', 'Psoralen', 'Ethyl caproate', 'A-terpinene', 'A-selinene', 'Myrcene', 'Syringin', 'Fenchone', '3-carene']"
Arachis hypogaea,['Oxalic acid']
Areca catechu,['Myristic acid']
Artemisia vulgaris,"['Spathulenol', 'Caryophyllene oxide']"
Asparagus racemosus,"['Diosgenin', 'Borneol', 'Hyperoside']"
Atropa belladonna,['Scopoletin']
Aucuba japonica,['Aucubin']
Averrhoa carambola,"['Myrcene', 'Campesterol', 'Heptan-2-one', 'Ethyl caproate', 'Quercitrin', 'Myristic acid', 'N-heptadecane', 'Tartaric acid', 'Palmitic acid', 'Rhamnetin']"
Averrhoa carambola L.,['Epicatechin']
Azadirachta indica,"['Ledol', 'Campesterol', 'Epicatechin', 'Farnesol', 'A-humulene', 'P-cymene', 'A-terpinene', 'Viridiflorene', 'Azadirachtin', 'A-copaene', 'Ascorbic acid', 'Gallic acid']"
Baeckea frutescens,['P-cymene']
Baeckea frutescens L.,"['Caryophyllene oxide', 'A-terpinene', 'Geraniol', 'Terpinolene', 'Theviridoside', 'Myrcene', '1,8-cineole', 'Borneol']"
Basella rubra L.,['Momordin i']
Belamcanda chinensis,['Mangiferin']
Berberis aristata,['Berberine']
Blumea balsamifera,"['Protocatechuic acid', 'Rhamnetin']"
Blumea lacera,['Fenchone']
Bombax malabaricum,['Mangiferin']
Borassus flabellifer,['Diosgenin']
Brassica,['Glucobrassicin']
Brassica oleracea,"['Methylthio', 'Campesterol', 'Sinigrin', 'Ascorbic acid', 'Glucobrassicin', 'Cryptoxanthin']"
Brassica oleracea var. botrytis,['Glucobrassicin']
Brassica oleracea var. capitata,"['Glucobrassicin', 'Sinigrin']"
Bryophyllum pinnatum,['P-coumaric acid']
Caesalpinia pulcherrima,"['A-cadinol', 'Spathulenol', 'Caryophyllene oxide', 'Gallic acid']"
Caesalpinia sappan,['Gallic acid']
Calophyllum inophyllum,"['Myristic acid', 'Friedelin', 'Palmitoleic acid', 'Palmitic acid']"
Camellia sinensis,"['Theviridoside', 'A-terpinene', 'Isoquercetin', 'Terpinolene', 'Quercetin', 'A-cadinol', 'Geraniol', 'Myrcene', '3-carene', 'Beta-ocimene', 'Epicatechin', 'Gallic acid', 'A-copaene', 'Cytidine', 'Hyperoside', 'Delphinidin', 'Cycloeucalenol', 'P-cymene', '(e)-beta-farnesene', 'Cinnamic acid', 'Nerolidol', 'Caryophyllene oxide']"
Cananga odorata,"['Isoeugenol', 'Hexadecanol', 'Ylangene', 'A-humulene', 'Theviridoside', '1,8-cineole', 'Myrcene', 'Terpinolene']"
Capparis spinosa,"['Sinigrin', 'Glucobrassicin']"
Capsicum annuum,"['Palmitic acid', 'Spiraeoside', 'Quercetin', 'Isoquercetin', 'A-copaene', 'P-coumaric acid', 'Protocatechuic acid', 'Ylangene', 'Quercetin-3-o-rhamnoside', 'Naringin', 'Cryptoxanthin', 'Palmitoleic acid', 'Ascorbic acid', 'Gallic acid', 'Cycloeucalenol', '3-hexen-1-ol']"
Carica papaya,"['Palmitic acid', 'Beta-ocimene', 'Cinnamaldehyde', '3-hexen-1-ol', 'Ethyl caproate', 'Ascorbic acid', 'Geraniol', 'Caprylic acid', 'Palmitoleic acid', 'Ethyl caprylate', '1,8-cineole', 'Heptan-2-one', 'Protocatechuic acid', 'Quercitrin', '1-hexanol', 'Spathulenol', 'P-cymene', 'A-terpinene', 'Myrcene', 'Cryptoxanthin', 'Theviridoside', 'Terpinolene', 'P-coumaric acid', 'Nerolidol', 'A-humulene']"
Carthamus tinctorius,"['Myristic acid', 'Kaempferol', 'Cycloeucalenol', 'Syringin', 'Isoquercetin']"
Cassia alata,['Palmitic acid']
Cassia alata L.,['Emodin']
Cassia angustifolia,"['Emodin', 'Epicatechin']"
Cassia fistula,"['Epicatechin', 'Cuminaldehyde', 'Sterculic acid']"
Cassia javanica,"['Emodin', 'Epicatechin', 'N-heptadecane']"
Cassia occidentalis,['Emodin']
Cassia siamea Lamk.,"['Oleanolic acid', 'Friedelin']"
Cassia tora L.,['Emodin']
Cassytha filiformis,['Hyperoside']
Casuarina equisetifolia,"['Isoquercetin', 'Cycloeucalenol']"
Catharanthus roseus,"['Gallic acid', 'Geraniol', 'Betulinic acid', 'Oleanolic acid', 'Gentisic acid', 'Cinnamic acid']"
Ceiba pentandra,['Malvalic acid']
Centella asiatica,['A-humulene']
Cibotium barometz,['Protocatechuic acid']
Cicer arietinum,['Oxalic acid']
Cinnamomum camphora,"['Myrcene', '3-carene', '1,8-cineole', 'P-cymene', 'A-terpinene', 'Terpinyl acetate', 'Borneol', 'Fenchone', 'Limonene', 'Spathulenol', 'A-humulene', 'Hinokinin', 'Geraniol', 'A-copaene', 'A-selinene', 'Caryophyllene oxide', 'Terpinolene', 'Nerolidol']"
Cinnamomum cassia,"['Cinnamaldehyde', 'Protocatechuic acid', 'Cinnamyl acetate']"
Cinnamomum verum,['Acetyl eugenol']
Cinnamomum zeylanicum,"['Cinnamaldehyde', 'Theviridoside']"
Cissampelos pareira,['Magnoflorine']
Citrus,"['Terpinolene', 'A-terpinene']"
Citrus aurantifolia,"['Terpinolene', '1,8-cineole', 'Palmitic acid', 'Geraniol', 'Borneol', 'Myrcene', 'A-terpinene', '(e)-beta-farnesene', 'Caryophyllene oxide', 'A-humulene', 'Nerolidol', 'A-copaene', 'P-cymene']"
Citrus aurantium,"['(e)-beta-farnesene', 'Naringin', 'Terpinolene', 'Beta-ocimene', 'Terpinyl acetate', 'Geraniol', 'Myrcene', 'Spathulenol', 'A-terpinene', '3-carene', 'Nerolidol', 'A-humulene', 'P-cymene', 'A-copaene']"
Citrus hystrix,"['Terpinolene', 'Myrcene', 'A-copaene', '(e)-beta-farnesene', 'P-cymene', '1-hexanol', 'A-terpinene']"
Citrus medica,"['Geraniol', 'Myrcene']"
Clausena excavata,"['Theviridoside', 'Cuminaldehyde', 'A-humulene', 'Myrcene', 'Spathulenol', 'Nerolidol', 'Beta-ocimene', 'Terpinolene', 'P-cymene', 'Caryophyllene oxide', 'A-cadinol']"
Clerodendron serratum,['Scutellarein']
Clinacanthus nutans,['Tetrahydroxyflavone']
Clitoria ternatea,"['Cycloeucalenol', 'Isoquercetin']"
Cocos nucifera,"['Epicatechin', 'Tetradecanol', 'P-coumaric acid', 'Quercitrin', 'Protocatechuic acid', 'Campesterol', 'Caprylic acid', 'Gentisic acid']"
Coffea arabica,"['Quercitrin', 'Ethyl caprylate', 'Heptan-2-one', '1-hexanol', 'Myrcene', 'Ethyl caproate', 'Cryptoxanthin']"
Coffea canephora,['Cryptoxanthin']
Cola acuminata,['Proanthocyanidin a2']
Coleus aromaticus,"['Quercetin', 'Oleanolic acid', 'P-cymene', 'Myrcene']"
Colocasia esculenta,['Tetrahydroxyflavone']
Coriandrum sativum,"['Tetradecanol', 'A-terpinene']"
Costus speciosus,['Diosgenin']
Crocus sativus,"['P-coumaric acid', 'Naringin', 'Isoquercetin', 'Cycloeucalenol', 'Protocatechuic acid', 'Gallic acid']"
Croton tiglium,['Myristic acid']
Cucumis sativus,"['Isoquercetin', 'P-coumaric acid', 'Cycloeucalenol', 'Tetrahydroxyflavone', 'Cucurbitacin c']"
Cucurbitaceae,['Cucurbitacin d']
Cuminum cyminum,['P-cymene']
Cuminum cyminum L.,"['A-terpinene', '1,8-cineole', 'Cuminaldehyde', 'P-cymene']"
Curcuma aeruginosa,"['Myrcene', '1,8-cineole', 'A-humulene', 'A-cadinol', 'Caryophyllene oxide', 'Borneol']"
Curcuma amada,"['Myrcene', 'Borneol', 'A-terpinene', 'Caryophyllene oxide', '1,8-cineole', 'A-selinene', 'Terpinyl acetate', 'Ledol', '(e)-beta-farnesene', 'Beta-ocimene', 'Spathulenol', '3-carene', 'P-cymene']"
Curcuma domestica,"['Malic acid', 'P-coumaric acid']"
Curcuma longa,"['Spathulenol', 'P-coumaric acid', '3-carene', 'A-humulene', 'Borneol', 'Myrcene', 'Cinnamaldehyde', 'Palmitic acid', 'P-cymene', '1,8-cineole', '(e)-beta-farnesene', 'Caryophyllene oxide', 'Terpinolene']"
Curcuma mangga,"['P-cymene', 'Beta-ocimene', 'A-humulene', '1,8-cineole', '(e)-beta-farnesene', 'Cycloeucalenol', 'Geraniol', 'A-cadinol', 'Myrcene', 'A-terpinene', 'Isoquercetin', 'Terpinolene', 'A-copaene', 'Caryophyllene oxide', 'P-coumaric acid', 'Palmitic acid', 'Borneol', 'Scopoletin']"
Curcuma xanthorrhiza,"['Terpinolene', 'Myrcene', '1,8-cineole', 'P-cymene', 'Caryophyllene oxide', 'Borneol']"
Curcuma zedoaria,"['1,8-cineole', 'Spathulenol', 'Farnesol', '(e)-beta-farnesene', 'A-humulene', 'A-cadinol', 'A-selinene']"
Cymbopogon citratus,"['Geraniol', 'P-coumaric acid', 'Cycloeucalenol', 'Linalool', 'Myrcene', 'Tetrahydroxyflavone', 'Beta-ocimene', 'Caryophyllene oxide', '1,8-cineole', 'Isoquercetin', 'P-cymene']"
Cyperus rotundus,"['A-selinene', 'A-copaene']"
Cyperus rotundus L.,"['P-cymene', 'A-humulene', 'Terpinolene', 'P-coumaric acid', 'Cuminaldehyde', 'Spathulenol', 'Myrcene', 'Protocatechuic acid', '1,8-cineole', 'Borneol']"
Daucus carota,"['(e)-beta-farnesene', 'Galacturonic acid', 'Quercetin', 'P-coumaric acid', 'A-copaene', 'Caryophyllene oxide', 'Methyl chavicol', 'A-humulene', 'Myrcene', 'A-terpinene', 'Methyl isoeugenol', 'Limonene', 'Ascorbic acid', 'Isoeugenol', 'Cyanidin 3-xyloglucoside', 'Terpinolene', 'Borneol', 'Bornyl acetate', 'Beta-ocimene', 'P-cymene', 'A-selinene', 'Geraniol', 'Cryptoxanthin']"
Daucus carota L.,['Diosgenin']
Dillenia serrata,['Betulinic acid']
Diospyros chloroxylon,['Betulinic acid']
Diospyros diepenhorstii,['Betulinic acid']
Diospyros embryopteris,['Betulinic acid']
Diospyros melanoxylon,"['Betulinic acid', 'Oleanolic acid']"
Diospyros montana,"['Betulinic acid', 'Oleanolic acid']"
Drymaria cordata,"['Quercitrin', 'Palmitic acid', 'Myristic acid', 'Caprylic acid']"
Dryobalanops aromatica,"['Borneol', 'Oleanolic acid']"
Duranta repens,['Scutellarein']
Durio zibethinus,"['Ethyl caproate', 'Ethyl caprylate', 'Ethyl cinnamate', 'Quercitrin', 'Delphinidin']"
Elettaria cardamomum,['A-terpinene']
Equisetum debile,['Blumenol a']
Erythrina variegata L.,['Erythrodiol']
Etlingera elatior,"['Isoquercetin', 'Cycloeucalenol']"
Eucalyptus,['A-terpinene']
Eucalyptus globulus,"['P-cymene', '1,8-cineole', 'Cuminaldehyde', 'Hyperoside']"
Eugenia caryophyllata,['Caryophyllene oxide']
Euphorbia tirucalli,['Ellagic acid']
Feronia elephantum,['Methyl chavicol']
Ficus carica,['Psoralen']
Ficus microcarpa,"['Ursolic acid', 'Safrole']"
Ficus racemosa,['Safrole']
Foeniculum vulgare,"['P-coumaric acid', 'Terpinolene', '1,8-cineole', 'Methyl chavicol', 'A-copaene', '(e)-beta-farnesene', 'Isoquercetin', 'Palmitic acid', 'Borneol', 'Spathulenol', 'Beta-ocimene', 'Syringin', 'Fenchone', 'A-terpinene', 'Gallic acid', 'Myrcene', 'Anisaldehyde', 'Hyperoside', 'Gentisic acid', 'Cuminaldehyde', 'Caryophyllene oxide', 'Oleanolic acid', 'Cycloeucalenol', 'Heptan-2-one', 'P-cymene', 'A-cadinol', 'A-humulene', '3-carene', 'Cytidine', 'Piperitone']"
Ganoderma lucidum,"['1,8-cineole', 'Piperitone', 'Quercitrin', 'Methyl chavicol', 'Caprylic acid', 'Fenchone', '(e)-beta-farnesene', 'Borneol', 'Ylangene', 'Heptan-2-one', 'Myristic acid', 'Ricinoleic acid']"
Garcinia celebica,['Epicatechin']
Garcinia cornea,['Epicatechin']
Garcinia cowa,"['A-mangostin', 'Mangostinone', '9-hydroxycalabaxanthone', 'Garcinone a']"
Garcinia dulcis,"['Caprylic acid', 'Hyperoside', 'A-mangostin', 'Gartanin', 'P-cymene', 'Ethyl caprylate', 'Friedelin', 'Myristic acid', '8-deoxygartanin', 'Epicatechin', 'Terpinolene', 'Br-xanthone a', 'Heptan-2-one', 'Betulinic acid', 'Palmitic acid', '3-isomangostin hydrate', 'Quercitrin', 'A-terpinene', 'Geraniol', '3-isomangostin', 'Beta-ocimene', '1,5,8-trihydroxy-3-methyl-2-prenylxanthone', 'Garcinone d']"
Garcinia indica,"['Cyanidin 3-xyloglucoside', 'A-mangostin']"
Garcinia malaccensis,['A-mangostin']
Garcinia mangostana,"['3-isomangostin', '6-deoxy-gamma-mangostin', 'Tovophyllin b', '8-deoxygartanin', '3-isomangostin hydrate', 'Mangostenone b', 'A-mangostin', 'Garcimangosone d', 'Garcimangosone b', 'Garcimangosone a', '1,6-dihydroxy-3-methoxy-2-prenylxanthone', '1,6-dihydroxy-3,7-dimethoxy-2-(3-methyl-2-butenyl)-8-(2-oxo-3-methyl-3-butenyl)-xanthone', 'Quercetin', '9-hydroxycalabaxanthone', '1,5,8-trihydroxy-3-methyl-2-prenylxanthone', 'Mangostinone', 'Mangostin', 'Epicatechin', '1-isomangostin', 'Demethylcalabaxanthone', 'Calabaxanthone', 'Proanthocyanidin a2', '1-isomangostin hydrate', 'Mangostenone a', 'Garcinone c', 'Mangostanol', 'Gartanin', 'Br-xanthone a', 'Maclurin', 'Garcinone e', 'Garcinone d', 'Garcimangosone c']"
Garcinia morella,['A-mangostin']
Garcinia nigrolineata,['8-deoxygartanin']
Garcinia xanthochymus,"['Maclurin', 'A-mangostin']"
Gardenia jasminoides,['Scandoside']
Ginkgo biloba,"['Gallic acid', 'Isoquercetin', 'Caprylic acid', 'Scopoletin', 'Quercetin', 'Cycloeucalenol', '1,8-cineole', 'Epicatechin', 'Palmitic acid', 'Protocatechuic acid', 'Hyperoside', 'Cinnamic acid', 'P-coumaric acid']"
Glochidion rubrum,['Safrole']
Glycine ma,['Campesterol']
Glycine max,"['P-coumaric acid', 'Isoquercetin', 'Malic acid', 'Ascorbic acid', 'Campesterol', 'Cycloeucalenol', 'Cryptoxanthin', 'Cinnamic acid', 'Protocatechuic acid', 'Scopoletin', 'Galacturonic acid', 'Aloin', 'Citric acid', 'Gentisic acid']"
Glycyrrhiza glabra,"['Betulinic acid', 'Naringin']"
Glycyrrhiza glabra L.,"['Cycloeucalenol', 'Isoquercetin']"
Gossypium herbaceum,"['Cycloeucalenol', 'Isoquercetin']"
Gynandropsis gynandra,['Glucobrassicin']
Hedychium coronarium,"['1,8-cineole']"
Helianthus annuus,"['1,8-cineole', 'Palmitic acid', 'Myrcene', 'Blumenol a', 'Malic acid', 'Borneol', 'P-cymene', 'Glycolic acid', 'Citric acid', 'Campesterol', 'A-humulene', 'Terpinolene', '3-hexen-1-ol', 'A-terpinene', 'Caryophyllene oxide', 'Scopoletin', 'Spathulenol', 'A-copaene']"
Heliotropium indicum,['Campesterol']
Hibiscus abelmoschus,['Farnesol']
Hibiscus mutabilis,"['Cycloeucalenol', 'Isoquercetin']"
Hibiscus sabdariffa,"['Hibiscetin', 'Delphinidin 3-sambubioside']"
Impatiens balsamina,['Malvidin']
Jasminum officinale,['Aucubin']
Jasminum sambac,"['A-cadinol', 'Nerolidol', '(e)-beta-farnesene']"
Jatropha multifida,['Linalool']
Juniperus,['Terpinolene']
Kalanchoe daigremontiana,['Friedelin']
Lactuca indica,"['Isoquercetin', 'Cycloeucalenol']"
Lagerstroemia indica,"['Petunidin', 'Ellagic acid']"
Lantana camara,"['P-cymene', 'Palmitic acid']"
Lantana camara L.,['Geraniol']
Lawsonia inermis,['P-coumaric acid']
Lepidium sativum,"['Sinigrin', 'Glucobrassicin']"
Litsea cubeba,"['Geraniol', 'P-cymene', '1-hexanol', 'Spathulenol', '(e)-beta-farnesene', 'Laurotetanine', 'Beta-ocimene', 'Myrcene', 'A-humulene']"
Ludwigia octovalvis,['Oleanolic acid']
Malus sylvestris,['Proanthocyanidin a2']
Mangifera indica,"['Borneol', 'A-terpinene', 'Blumenol a', 'Geraniol', '1,8-cineole', 'Terpinyl acetate', 'A-humulene', 'Ylangene', 'Hyperoside', 'Methyl chavicol', 'Gallic acid', 'Myrcene', 'Delphinidin', 'Viridiflorene', '3-hexen-1-ol', 'Cryptoxanthin', 'Cycloeucalenol', 'A-cadinol', 'Tartaric acid', 'Myristic acid', 'Mangiferin', 'Cuminaldehyde', 'P-coumaric acid', 'Piperitone', 'Caryophyllene oxide', 'Ascorbic acid', 'Ethyl caprylate', 'Beta-ocimene', '1-hexanol', 'Ethyl caproate', 'Heptanal', 'Methyl isoeugenol', 'Isoquercetin', 'Theviridoside', 'A-selinene', 'Caprylic acid', 'Heptan-2-one', 'Rhamnetin', 'Palmitic acid', 'Palmitoleic acid', 'Protocatechuic acid', '3-carene', 'Quercitrin', '2-heptadecanone', 'Anisaldehyde', 'Linalool', 'P-cymene', 'Terpinolene', 'Limonene', 'A-copaene']"
Melaleuca leucadendra,"['1,8-cineole']"
Melaleuca leucadendra L.,"['A-selinene', 'A-cadinol', 'Terpinyl acetate', 'Ledol', 'Borneol', 'A-terpinene', 'Viridiflorene', 'Beta-ocimene', 'Myrcene', 'A-copaene', 'Caryophyllene oxide', 'P-cymene']"
Melaleuca leucadendron,"['Betulinic acid', '1,8-cineole', 'Ledol', 'Viridiflorene']"
Melastoma malabathricum,['Malvidin']
Melia azadirach,"['Terpinolene', 'P-cymene', 'A-cadinol']"
Mentha,['Terpinolene']
Mentha arvensis L.,"['1,8-cineole', 'A-cadinol', 'Caryophyllene oxide', 'P-cymene', 'A-terpinene', '(e)-beta-farnesene', 'Terpinolene']"
Mentha piperita,"['Caryophyllene oxide', 'Limonene']"
Mentha piperita L.,"['P-cymene', 'Terpinolene', 'A-terpinene', '1,8-cineole']"
Millingtonia hortensis,['Scutellarein']
Momordica charantia,"['Gentisic acid', 'Cucurbitacin f', 'Naringin', 'Cinnamic acid', 'Cycloeucalenol', 'Quercetin', 'Cucurbitacin e', 'Cryptoxanthin', 'Isoquercetin', 'Epicatechin', 'Momordenol', 'P-coumaric acid', 'Gallic acid', 'Momordol', 'Cucurbitane', 'Protocatechuic acid', 'Momordicilin']"
Momordica cochinchinensis,['Oleanolic acid']
Morinda citrifolia,"['Alizarin', 'Soranjidiol', 'Scandoside', 'Aucubin', 'Rubiadin', 'Scopoletin', 'Morindone']"
Morinda citrifolia L.,"['Delphinin', 'Ursolic acid', 'Damnacanthal', 'Oleanolic acid']"
Morinda tinctoria,"['Morindone', 'Damnacanthal']"
Moringa oleifera,"['Epicatechin', 'Rhamnetin', 'P-coumaric acid', 'Gentisic acid', 'Isoquercetin', 'Cycloeucalenol', 'P-cymene', 'Gallic acid']"
Moringa pterygosperma,['Rhamnetin']
Morus alba,"['Protocatechuic acid', 'Quercetin-3-o-rhamnoside', 'P-coumaric acid', 'Betulinic acid', 'Isoquercetin', 'Maclurin', 'Quercetin', 'Cycloeucalenol', 'Scopoletin', '1,8-cineole', 'Petunidin']"
Morus australis,['Betulinic acid']
Murraya paniculata,"['Geraniol', 'Ylangene', 'Theviridoside', 'A-cadinene', 'Myricitin', '2-phenylethyl benzoate', 'Galacturonic acid', '(e)-beta-farnesene', 'Borneol', 'A-copaene', 'Myristic acid', '1,8-cineole', 'A-cadinol', 'Caryophyllene oxide', 'Tetradecanol', 'A-terpinene', 'A-humulene', 'Nerolidol', 'Scopoletin', 'A-selinene', '3-hexen-1-ol', 'Palmitic acid', 'Terpinolene', 'Spathulenol', 'Beta-ocimene', 'Delphinidin', 'Blumenol a', 'Myrcene']"
Musa acuminata,"['Hyperoside', 'Isoquercetin', 'Epicatechin', 'Cycloeucalenol']"
Myristica fragrans,"['Methyl isoeugenol', 'Borneol', 'Isoeugenol', 'Myristic acid']"
Nelumbo nucifera,"['Cycloeucalenol', 'Isoquercetin', 'Hyperoside']"
Nerium oleander,"['Ursolic acid', 'Betulinic acid', 'Oleanolic acid']"
Nicotiana tabacum,"['Isoquercetin', 'Caprylic acid', 'Limonene', 'Palmitic acid', 'P-coumaric acid', 'Linalool', 'Blumenol a', 'Anisaldehyde', 'Geraniol', 'Isoeugenol', 'Palmitoleic acid', 'Myristic acid', 'Cycloeucalenol', 'Cinnamaldehyde', 'Cuminaldehyde', 'Nerolidol', 'P-cymene', '1-hexanol', 'Farnesol', 'Campesterol', 'Scopoletin', 'Quercitrin']"
Nigella sativa,['Syringaresinol']
Nigella sativa L,"['Fenchone', 'Myrcene', 'P-cymene', 'Anisaldehyde', 'Methyl chavicol']"
Ocimum,['Methyl cinnamate']
Ocimum basilicum,"['P-cymene', 'A-terpinene', 'Isoeugenol', 'A-copaene', 'Cycloeucalenol', 'Terpinolene', 'Caryophyllene oxide', 'Betulinic acid', 'A-selinene', 'N-heptadecane', 'Piperitone', '3-carene', 'A-humulene', 'Anisaldehyde', 'Isoquercetin', 'A-cadinene', 'Myrcene', '(e)-beta-farnesene', 'Cinnamic acid', 'Methyl cinnamate', 'Acetyl eugenol', 'P-coumaric acid', '1,8-cineole', 'Erythrodiol', 'Methyl chavicol', 'A-cadinol', 'Fenchone', 'Oleanolic acid', 'Borneol', 'Beta-ocimene', 'Palmitic acid', 'Nerolidol', 'Spathulenol', 'Geraniol']"
Ocimum basilicum L.,['Apigenin']
Ocimum gratissimum,"['A-humulene', 'Beta-ocimene', 'A-copaene', 'Borneol', 'A-terpinene']"
Ocimum sanctum,"['Geraniol', 'Viridiflorene', 'P-coumaric acid', 'Nerolidol']"
Oldenlandia corymbosa,['Delphinin']
Ophiopogon japonicus,['Oleanolic acid']
Oroxylum indicum,['Scutellarein']
Orthosiphon stamineus,"['Betulinic acid', 'Protocatechuic acid', 'Oleanolic acid', 'Blumenol a', 'Ursolic acid']"
Oryza sativa,"['P-coumaric acid', 'Syringaresinol', 'Citric acid', 'Campesterol', 'Isoquercetin', 'Cycloeucalenol', 'Oxalic acid', 'Glycolic acid']"
Oxalis corniculata,"['Ascorbic acid', 'Diosgenin']"
Paederia foetida,['Campesterol']
Paederia scandens,"['Oleanolic acid', 'Delphinin']"
Pandanus conoideus Lam,['Myristic acid']
Papaver somniferum,"['Berberine', 'Magnoflorine']"
Passiflora foetida,['Apigenin']
Pedilanthus tithymaloides,"['Isoquercetin', 'Cycloeucalenol', 'Scopoletin']"
Peltophorum pterocarpum,['Safrole']
Persea gratissima,"['Methyl chavicol', 'Proanthocyanidin a2']"
Phaleria macrocarpa,['Mangiferin']
Phaseolus vulgaris,"['Tartaric acid', 'Quercetin', 'Citric acid', 'Malic acid', 'Epicatechin', 'Spiraeoside', 'Scopoletin', 'Protocatechuic acid', 'P-coumaric acid', 'Oxalic acid', 'Gentisic acid', 'Maleic acid', 'Cinnamic acid', 'Cryptoxanthin', 'Hyperoside', 'Cycloeucalenol', 'Galacturonic acid', 'Malvidin', 'Palmitoleic acid', 'Isoquercetin', 'Gallic acid']"
Phyllanthus acidus,"['Isoquercetin', 'Cycloeucalenol']"
Phyllanthus emblica,"['Isoquercetin', 'Beta-glucogallin', 'Corilagin', 'Epicatechin', 'Protocatechuic acid', 'Gallic acid', 'Cycloeucalenol']"
Phyllanthus niruri,"['Cycloeucalenol', 'Gallic acid', 'Hinokinin', 'Beta-glucogallin', 'Lintetralin', 'Niranthin', 'Nirtetralin', 'Sabinene', 'Nirurin', 'Isoquercetin']"
Phyllanthus reticulatus,"['Betulinic acid', 'Friedelin']"
Phyllanthus urinaria,"['Oleanolic acid', 'Gallic acid', 'Corilagin']"
Phyllanthus urinaria L.,"['Sabinene', 'Lintetralin', 'Nirtetralin', 'Niranthin']"
Pimpinella anisum,['Anisaldehyde']
Piper betle,['Methyl chavicol']
Piper cubeba,['Hinokinin']
Piper nigrum,"['A-copaene', 'Terpinyl acetate', 'A-cadinol', 'Myrcene', 'Spathulenol', 'Beta-ocimene', 'Caryophyllene oxide', 'Terpinolene', '1,8-cineole', 'Ledol', 'Viridiflorene', 'A-terpinene', 'P-cymene', 'Ylangene', '(e)-beta-farnesene', 'A-selinene', 'A-humulene']"
Plantago major,"['Catalpol', 'Gentisic acid', 'Myristic acid', 'Oleanolic acid', 'P-coumaric acid', 'Aucubin']"
Platycodon grandiflorum,['Quercetin']
Plumbago zeylanica,['Psoralen']
Pogostemon cablin,"['Rhamnetin', 'Spathulenol', 'Cinnamaldehyde']"
Polyalthia cerasoides,"['A-cadinol', 'A-humulene']"
Pongamia pinnata,"['Betulinic acid', 'A-cadinol']"
Prosopis spicigera,['Campesterol']
Psidium guajava,"['Protocatechuic acid', 'Beta-ocimene', '1-hexanol', 'Heptan-2-one', 'Spathulenol', 'Arabinose', 'Cinnamyl acetate', 'Ledol', 'P-coumaric acid', 'Ethyl caprylate', 'A-copaene', 'Limonene', 'Borneol', '1,8-cineole', 'Hyperoside', 'Ethyl caproate', 'Gallic acid', 'Isoquercetin', 'P-cymene', 'Geraniol', 'A-terpinene', 'Cycloeucalenol', 'Caryophyllene oxide', 'A-humulene', 'Cryptoxanthin', 'Galacturonic acid', 'A-selinene', 'A-cadinol', 'Epicatechin', 'Casuarinin', 'Isoeugenol', '(e)-beta-farnesene', 'Terpinolene', 'Ascorbic acid', 'Myrcene', 'Farnesol']"
Punica granatum,"['Quercitrin', 'Terpinolene', 'P-cymene', 'Betulinic acid', 'Proanthocyanidin a2', 'Tartaric acid', 'Corilagin', 'Protocatechuic acid', 'Secoisolariciresinol', 'Hyperoside', '1-hexanol', '(e)-beta-farnesene', 'Campesterol', 'Epicatechin', 'Cycloeucalenol', 'Estradiol', 'P-coumaric acid', 'Gallic acid', 'Beta-glucogallin', 'Palmitoleic acid', 'Caprylic acid', 'Naringin', 'Myrcene', 'Ellagic acid', 'Myristic acid', 'Isoquercetin', 'Palmitic acid', 'Casuarinin']"
Punica granatum L.,"['Epicatechin', 'Quercetin']"
Raphanus sativus,"['Gentisic acid', 'Ascorbic acid', 'Sinigrin', 'Epicatechin', 'Gallic acid', 'P-coumaric acid', 'Glucobrassicin', 'Protocatechuic acid', 'Cryptoxanthin']"
Rheum palmatum,"['Alizarin', 'Emodin', 'Gallic acid']"
Rhododendron arboreum,['Betulinic acid']
Ricinus communis,"['Cycloeucalenol', 'Ricinoleic acid', 'Oxalic acid', 'Isoquercetin', 'Corilagin']"
Rollinia mucosa,['Berberine']
Rosa chinensis,['Gallic acid']
Rosa damascena,['Geraniol']
Ruellia tuberosa,['Campesterol']
Rumex nepalensis,['Emodin']
Saccharum officinarum,['Glycolic acid']
Santalum album,"['Farnesol', 'Geraniol', 'Borneol', 'Myristic acid', 'Quercitrin', '2-heptadecanone', 'Caprylic acid', 'Isoeugenol', 'Heptanal', 'Palmitic acid']"
Santalum album L.,['Secoisolariciresinol']
Scutellaria indica,['Scutellarein']
Selaginella doederleinii,['Benzyl benzoate']
Senna alata,['Emodin']
Senna sophera,['Emodin']
Senna tora,['Emodin']
Sesamum indicum,['Gentisic acid']
Sida rhombifolia,"['Scopoletin', 'Campesterol']"
Smilax china,['Diosgenin']
Smilax zeylanica L.,['Diosgenin']
Solanum indicum,['Scopoletin']
Solanum lycopersicum,"['Methylthio', 'Galacturonic acid', 'Cinnamic acid', 'Quercitrin', 'Terpinolene', '3-carene', 'A-humulene', 'Nerolidol', 'Cryptoxanthin', 'A-terpinene', 'N-heptadecane', 'Delphinidin', 'Farnesol', 'P-cymene', 'Naringin', 'Caryophyllene oxide', 'Isoquercetin', 'Heptanal', '3-hexen-1-ol', 'Cycloeucalenol', 'Syringaresinol', 'Myrcene', 'A-copaene', 'Palmitic acid', 'Ethyl caproate', 'Campesterol', 'Protocatechuic acid', 'Glycolic acid', 'Heptan-2-one', 'Ethyl caprylate', '1-hexanol', 'Geraniol', 'P-coumaric acid']"
Solanum melongena,['Diosgenin']
Solanum tuberosum,"['Cryptoxanthin', '(e)-beta-farnesene', 'Palmitoleic acid', 'Naringin', 'Palmitic acid', 'Campesterol', 'N-heptadecane', 'Syringin', 'P-coumaric acid', 'A-cadinol', 'Syringaresinol', 'Myristic acid', 'Myrcene', 'Scopoletin', 'A-copaene', 'A-humulene', 'Delphinidin']"
Solanum tuberosum L.,"['Isoquercetin', 'Cycloeucalenol']"
Sterculia foetida,['Sterculic acid']
Strobilanthes crispus,"['Cinnamic acid', 'N-heptadecane', 'A-cadinol', 'Ledol', 'Gallic acid', 'Epicatechin']"
Strychnos potatorum,['Oleanolic acid']
Syzygium aromatica,['Oleanolic acid']
Syzygium aromaticum,"['Acetyl eugenol', 'Oleanolic acid', 'Campesterol', 'Heptan-2-one', 'Rhamnetin', 'A-humulene']"
Syzygium cumini,"['Betulinic acid', 'Friedelin', 'Oleanolic acid', 'Gallic acid']"
Tamarindus indica,"['Tetrahydroxyflavone', 'Epicatechin', 'Tartaric acid']"
Tectona grandis,['Rubiadin']
Terminalia arjuna,['Epicatechin']
Terminalia catappa,"['Epicatechin', 'Protocatechuic acid']"
Thymus vulgaris,"['Geraniol', 'Quercetin', 'P-cymene', 'Betulinic acid', 'A-copaene', 'A-terpinene', 'A-humulene', '3-carene', 'Ursolic acid', 'Bornyl acetate', 'A-cadinene', 'Terpinolene', 'Borneol', 'Caryophyllene oxide', '1,8-cineole', 'Oleanolic acid', 'Beta-ocimene', 'Myrcene', 'P-coumaric acid']"
Tinospora crispa,"['Secoisolariciresinol', 'Columbin', 'Magnoflorine', 'Syringin', 'Syringaresinol']"
Trichosanthes tricuspidata,['Cucurbitacin k']
Trigonella foenum-graecum,"['Tetrahydroxyflavone', 'Gallic acid', 'Vicenin', 'Scopoletin']"
Turnera ulmifolia,['Gallic acid']
Uncaria gambir,"['Epicatechin', 'Gallic acid']"
Urena lobata,['Mangiferin']
Valeriana officinalis,"['Ylangene', 'Palmitic acid', 'Spathulenol', '1,8-cineole', 'Gallic acid', 'Ledol', 'A-copaene', 'Myrcene', 'Terpinyl acetate', 'A-selinene', 'Borneol', 'Viridiflorene', 'Caryophyllene oxide', 'Terpinolene', 'Bornyl acetate', 'Nerolidol', '3-carene', 'A-terpinene', 'A-humulene']"
Vigna radiata,['Scopoletin']
Vitex trifolia,"['1,8-cineole', 'Myristic acid', 'Palmitoleic acid', 'Friedelin']"
Zea mays,"['Cryptoxanthin', 'Quercetin', 'P-coumaric acid']"
Zingiber cassumunar Roxb.,"['Borneol', 'Caryophyllene oxide']"
Zingiber officinale,"['Myrcene', 'Geraniol', 'Palmitoleic acid', 'Beta-ocimene', 'Spathulenol', 'Ledol', 'Isoeugenol', 'Ascorbic acid', 'Delphinidin 3-sambubioside', 'Viridiflorene', 'Myristic acid', 'Borneol', '1,8-cineole', 'A-copaene', 'Acetyl eugenol', '3-carene', 'Apigenin', 'Delphinidin', 'A-humulene', 'A-cadinene', 'A-terpinene', 'A-cadinol', 'P-cymene', 'Farnesol', 'A-selinene', 'Nerolidol', '(e)-beta-farnesene', 'Terpinyl acetate', 'Caryophyllene oxide']"
Zingiber zerumbet Smith,"['Caryophyllene oxide', 'A-humulene', '3-carene']"
Zinnia elegans,"['Isoquercetin', 'Cycloeucalenol']"
